,SOS,info,own,r2
10,2,1,3,0.064476795
3,1,2,1,0.264352068
4,2,2,1,0.380093919
9,1,1,3,0.509648535
1,1,1,1,0.606268298
11,1,2,3,0.643572765
8,2,2,2,0.762731856
5,1,1,2,0.807483389
12,2,2,3,0.915908884
2,2,1,1,0.937641973
7,1,2,2,0.957933716
6,2,1,2,0.978075725