,SOS,info,own,r1
5,1,1,2,0.104650128
10,2,1,3,0.110453019
1,1,1,1,0.200214453
11,1,2,3,0.27328495
4,2,2,1,0.284399457
12,2,2,3,0.490513202
7,1,2,2,0.527959984
2,2,1,1,0.685218596
6,2,1,2,0.701057459
8,2,2,2,0.807935201
3,1,2,1,0.916875775
9,1,1,3,0.956500125